title,video_id,tags,views,likes,comment_total,category_id
These Are 10 Rarest Animals on this Planet,vFKwhbBVt78,"""top"",
        ""10"",
        ""viralbe"",
        ""dogs"",
        ""animals"",
        ""extreme animals"",
        ""most interesting"",
        ""rarest ever"",
        ""on this planet"",
        ""most unusual"",
        ""animal vs""",427350,6266,254,15
10 Rarest Animals Found On Earth!,oFoZG2n3_ME,"""world list"",
        ""rarest animals found on earth"",
        ""rarest animals"",
        ""rarest creatures"",
        ""rare animals"",
        ""extinct animals""",110509,2065,150,27
15 Amazing Hybrid Animals That Actually Exist,twGnn8niQYE,"""rare animals"",
        ""hybrid animals"",
        ""real hybrid animals"",
        ""animals"",
        ""hybrid"",
        ""strange"",
        ""bizarre"",
        ""creatures"",
        ""animal"",
        ""hybrids"",
        ""hybrid animals that are real"",
        ""animal hybrids"",
        ""unbelievable"",
        ""strange animals"",
        ""species"",
        ""weird"",
        ""breed"",
        ""funny hybrid animals"",
        ""cool hybrid animals"",
        ""rare"",
        ""wild animals"",
        ""hybrid animals real"",
        ""breeding"",
        ""hybrid animals videos"",
        ""amazing animals"",
        ""incredible"",
        ""biggest animals"",
        ""actually"",
        ""unusual"",
        ""real animal hybrids"",
        ""crossbreeding"",
        ""bizarre animals"",
        ""rare and unseen"",
        ""panthera hybrid"",
        ""new"",
        ""viral""",4385514,73387,2979,10
15 Wild Animals That Have Rarely Ever Been Seen,MrdOcnW4B2M,"""animals"",
        ""wildlife"",
        ""rarest animals"",
        ""animal"",
        ""rare animals"",
        ""rare"",
        ""wild"",
        ""extinct animals"",
        ""wild animals"",
        ""unique animals"",
        ""exotic animals"",
        ""endangered animals"",
        ""species"",
        ""strange animals"",
        ""weird animals"",
        ""science"",
        ""endangered species"",
        ""extinct species"",
        ""new"",
        ""rarest"",
        ""interesting facts"",
        ""bizarre"",
        ""strange"",
        ""rarest animal"",
        ""rare species"",
        ""cute animals"",
        ""dangerous animals"",
        ""amazing animals"",
        ""extinction"",
        ""unbelievable"",
        ""weird"",
        ""discovered"",
        ""discovery"",
        ""mysterious"",
        ""discover"",
        ""documentary"",
        ""insane animal"",
        ""ever been seen""",5290516,80604,4130,10
Unusual People Born with The Rarest Skin Color,NFDTcARfm80,"""people"",
        ""facts"",
        ""Facts"",
        ""Top 10"",
        ""List"",
        ""Lists"",
        ""List Videos"",
        ""Knowledge"",
        ""Information"",
        ""Education"",
        ""True"",
        ""Truth"",
        ""Viral"",
        ""skin color"",
        ""skin"",
        ""colour"",
        ""color"",
        ""skin colour"",
        ""unique skin color"",
        ""people with unique skin color"",
        ""people with unique skin colors"",
        ""albino"",
        ""beautiful"",
        ""beauty"",
        ""freckled faces"",
        ""Nikia Phoenix"",
        ""Connie Chiu"",
        ""beautiful albino"",
        ""model"",
        ""models"",
        ""colors"",
        ""unique skin"",
        ""Unusual People"",
        ""Skin Color"",
        ""most unusual people"",
        ""unusual kids""",5182028,87595,3395,27
Jet Powered Tesla,6SYT0upjNac,"""jet tesla"",
        ""tesla model s"",
        ""elon musk"",
        ""jet powered tesla"",
        ""jet engine"",
        ""jet engine sound"",
        ""jet engine go kart"",
        ""tesla model s plaid 0-60"",
        ""tesla jet car"",
        ""tesla roadster 0-60 1.9"",
        ""jet engines"",
        ""jet engine on tesla"",
        ""tesla jet engine"",
        ""tesla jet"",
        ""jet engine car"",
        ""tesla 0-60 1.9 video""",2365954,60688,4507,2
7 People Who Shocked the World!,5bVNg54-AaA,"""List"",
        ""Top 10"",
        ""Facts"",
        ""Viral"",
        ""10 Most"",
        ""braintime"",
        ""brain time"",
        ""brain"",
        ""time"",
        ""amazing"",
        ""unbelievable"",
        ""incredible"",
        ""in the world"",
        ""most"",
        ""the most"",
        ""the"",
        ""list"",
        ""best"",
        ""video"",
        ""people"",
        ""facts"",
        ""interesting"",
        ""interesting facts"",
        ""7 People"",
        ""Who Shocked"",
        ""Shocked"",
        ""Shocked the World"",
        ""talent"",
        ""unusual hobbies"",
        ""superpowers exist"",
        ""superpowers"",
        ""unusual skills""",1826820,14127,357,22
10 Most Shocking Animal Mutations,5DUpXpg8W9I,"""Top"",
        ""Best"",
        ""education"",
        ""top 10"",
        ""scary"",
        ""creepy"",
        ""bizarre"",
        ""mutation"",
        ""mutations"",
        ""strange"",
        ""animals"",
        ""strangest"",
        ""facts"",
        ""terrifying"",
        ""animal"",
        ""shocking"",
        ""mutated"",
        ""lion"",
        ""snake"",
        ""animal mutations"",
        ""weirdest"",
        ""people"",
        ""animal mutation"",
        ""creatures"",
        ""octogoat"",
        ""in the world"",
        ""world"",
        ""most shocking"",
        ""mutant"",
        ""the richest"",
        ""monkey"",
        ""Top 10"",
        ""incredible"",
        ""mind blowing"",
        ""cat"",
        ""reptile"",
        ""pig"",
        ""frog"",
        ""blinky"",
        ""frank and louie"",
        ""stumpy"",
        ""conditions"",
        ""pets"",
        ""unusual"",
        ""mutant snake"",
        ""giant snake"",
        ""top list"",
        ""repitle heart"",
        ""octo goat"",
        ""snakes on plane"",
        ""epictooltime""",76720,2116,140,24
SHOCKING INDIAN FOOD!!! Did NOT Expect to See This in India!,Atii8FGebiQ,"""indian street food"",
        ""india street food"",
        ""india food"",
        ""indian food"",
        ""indian black chicken"",
        ""black chicken"",
        ""strange indian food"",
        ""emu egg"",
        ""indian emu egg"",
        ""chai tea"",
        ""indian chai tea"",
        ""indian tandoori tea"",
        ""tandoori tea"",
        ""tandoor tea"",
        ""best ever food review show"",
        ""sonny side"",
        ""india travel"",
        ""india tourism"",
        ""best ever india road trip""",5990601,122655,8319,19
Football Matches That Shocked The World,xSsiS304iY8,"""football"",
        ""football matches"",
        ""football games"",
        ""shocked world football"",
        ""shocked world football matches"",
        ""shocked world football games"",
        ""football games shocked"",
        ""tkhd"",
        ""brazil germany"",
        ""psg"",
        ""barcelona"",
        ""barcelona messi"",
        ""barcelona bayern"",
        ""bayern 8-2"",
        ""Football Matches Shocked World""",35667471,443663,9395,17
Why You Should Always Wear A Helmet Part-2,U_ddMOaML8Y,"""royal enfield"",
        ""ktm rc 390"",
        ""ktm duke 390"",
        ""why you should always wear a helmet"",
        ""why you should always ride in your limits"",
        ""max 101"",
        ""sports bike"",
        ""vlogs"",
        ""motovlog"",
        ""dirtbike lunatic""",164391450,575586,33724,22
Unbelievable Things Humans Managed To Do,UdxmtfU-qvII,"""zorro"",
        ""unbelievable skill"",
        ""super powers"",
        ""super humans"",
        ""unbelievable humans"",
        ""you won't believe"",
        ""Unbelievable Things Humans Managed To Do""",10721265,214954,7099,22
Unusual Kids Born with Unbelievable Medical Conditions,9qRNtYDIvf8,"""Medical Conditions"",
        ""Medical Condition"",
        ""childrens hospital"",
        ""doctors"",
        ""nurses"",
        ""hospital"",
        ""health"",
        ""healthcare"",
        ""medical staff"",
        ""unusual"",
        ""unique"",
        ""unique kids"",
        ""the world"",
        ""kids in the world"",
        ""unusual kids in the world"",
        ""UNUSUAL KIDS"",
        ""you won't believe"",
        ""you wont believe exist"",
        ""strange"",
        ""strangest"",
        ""weird kids"",
        ""strangers"",
        ""unusual people"",
        ""kids you won't believe exist"",
        ""facts"",
        ""around the world"",
        ""strangest kids"",
        ""Strangest Medical Conditions"",
        ""Unbelievable"",
        ""unique features"",
        ""features"",
        ""body feature""",10689241,298202,4395,27
Unbelievable Videos I Warned You NOT To Watch,3qCfTBgalFE,"""unbelievable"",
        ""unbelievable videos"",
        ""mind blowing videos"",
        ""unexplained"",
        ""unexplained videos"",
        ""mystery"",
        ""creepy"",
        ""creature"",
        ""bigfoot"",
        ""haryana river"",
        ""terrifying"",
        ""unsolved"",
        ""glitch in the matrix"",
        ""plane stops in mid air"",
        ""glitch"",
        ""insane"",
        ""bizarre"",
        ""strange"",
        ""unbelievable phenomena"",
        ""caught on tape"",
        ""fishing"",
        ""anomaly"",
        ""unbelievable moments"",
        ""james lafleur"",
        ""Impossible channel""",2046639,43709,2254,24
Crazy Open Goal Misses l Unbelievable!,KI5G6pvhoOA,"""Crazy Open Goal Misses in Football"",
        ""Football Goal Misses"",
        ""Rare Goals"",
        ""Misses in football"",
        ""Mbappe"",
        ""Messi"",
        ""Neymar"",
        ""Cristiano Ronaldo"",
        ""Aubameyang"",
        ""Lionel Messi"",
        ""Ronaldinho"",
        ""Ibrahimovic"",
        ""Kevin De"",
        ""Mo Salah"",
        ""Bruno Fernandes"",
        ""Liverpool"",
        ""Real Madrid"",
        ""Barcelona"",
        ""Juventus"",
        ""Manchester United"",
        ""Manchester City"",
        ""Football"",
        ""JackieMT"",
        ""funny goal misses"",
        ""crazy goal misses"",
        ""misses"",
        ""goal"",
        ""funny moments"",
        ""ronaldo""",12874400,140732,1758,17
10 Scientifically Impossible Places That Actually Exist,S3ksC_8jGuc,"""science"",
        ""world"",
        ""facts"",
        ""world facts"",
        ""things you didn't know"",
        ""things you won't believe"",
        ""youtube facts"",
        ""top 10"",
        ""top 5"",
        ""phenomena"",
        ""education"",
        ""phenomenon"",
        ""Petrifying Well"",
        ""Grüner See"",
        ""Shanay-Timpishka"",
        ""Never-Ending Lighting Storm"",
        ""Western Venezuela"",
        ""Catatumbo River"",
        ""Blue Pond of Hokkaido"",
        ""Ringing Rocks"",
        ""Kawah Ijen"",
        ""blue lava"",
        ""Scientifically Impossible"",
        ""strange mysteries"",
        ""unsolved mysteries"",
        ""blow your mind"",
        ""list"",
        ""where gravity"",
        ""places on earth""",37383042,332230,14294,27
Top 7 Santa Claus Caught On Camera & Spotted In Real Life,nGdRCTkc4a8,"""santa"",
        ""santa claus"",
        ""where is santa"",
        ""santa caught on tape"",
        ""is santa claus real?"",
        ""christmas"",
        ""fake"",
        ""real"",
        ""top 10"",
        ""santa clos"",
        ""caught on camera"",
        ""kids"",
        ""santa claus caught on camera"",
        ""santa claus caught on video! real proof he exists"",
        ""children"",
        ""father christmas"",
        ""presents"",
        ""santa claus caught on video tape"",
        ""monster santa claus"",
        ""funny"",
        ""top 10 2016"",
        ""santa claus caught on tape"",
        ""santa caught on camera"",
        ""caught on tape""",13964745,141481,9456,27
11 Creepy videos of strange things caught on camera,zRvpzJNOeJQ,NA,38225,696,49,24
Top 10 Famous Real Life Monsters Caught on Camera,B8VtylRtHEU,"""photographs of famous monsters"",
        ""videos of famous monsters"",
        ""footage of famous monsters"",
        ""images of famous monsters"",
        ""monsters"",
        ""famous monsters"",
        ""iconic monsters"",
        ""monster photos"",
        ""creepiest monster photos"",
        ""monster evidence"",
        ""monster footage"",
        ""hoax"",
        ""creepy"",
        ""bigfoot"",
        ""yeti"",
        ""mothman"",
        ""solway firth spaceman"",
        ""loch ness monster"",
        ""skunk ape"",
        ""ningen"",
        ""trunko"",
        ""chupacabra"",
        ""hook island sea monster"",
        ""History"",
        ""Education"",
        ""Facts"",
        ""watchmojo"",
        ""watch mojo"",
        ""top 10"",
        ""list"",
        ""mojo""",610373,11485,952,24
Top 10 Times Ghosts Were Actually Caught On Camera,4Ur_yxQA49I,"""creepiest ghosts caught on camera"",
        ""ghosts caught on camera"",
        ""caught on camera"",
        ""creepiest ghosts"",
        ""creepiest ghosts caught"",
        ""creepiest ghosts camera"",
        ""unexplained pictures"",
        ""scariest photos"",
        ""unexplained photos"",
        ""ghost photos"",
        ""real ghost pictures"",
        ""real ghost photos"",
        ""ghost sightings"",
        ""mysterious photos that cannot be explained"",
        ""ghost encounters"",
        ""creepiest ghost stories"",
        ""ghosts"",
        ""spirits"",
        ""demons"",
        ""halloween"",
        ""Horror"",
        ""watchmojo"",
        ""watch mojo"",
        ""top 10"",
        ""list"",
        ""mojo""",2293981,21680,1965,24
10 Giant Creatures Caught on Camera,famJvTQ_W28," ""creepiest ghosts caught on camera"",
        ""ghosts caught on camera"",
        ""caught on camera"",
        ""creepiest ghosts"",
        ""creepiest ghosts caught"",
        ""creepiest ghosts camera"",
        ""unexplained pictures"",
        ""scariest photos"",
        ""unexplained photos"",
        ""ghost photos"",
        ""real ghost pictures"",
        ""real ghost photos"",
        ""ghost sightings"",
        ""mysterious photos that cannot be explained"",
        ""ghost encounters"",
        ""creepiest ghost stories"",
        ""ghosts"",
        ""spirits"",
        ""demons"",
        ""halloween"",
        ""Horror"",
        ""watchmojo"",
        ""watch mojo"",
        ""top 10"",
        ""list"",
        ""mojo""",2293981,21680,1965,24
Top 20 UFOs Caught on Camera,KXKvKJw6Zb4,"""ufos caught on camera"",
        ""ufo sightings"",
        ""ufos caught"",
        ""photographed ufos"",
        ""aliens caught on camera"",
        ""aliens caught"",
        ""alien sightings"",
        ""unidentified flying objects"",
        ""space aliens"",
        ""alien spaceships"",
        ""unexplained alien events"",
        ""unexplained ufo events"",
        ""sts-48 incident"",
        ""aguadilla airport incident"",
        ""space"",
        ""universe"",
        ""galaxy"",
        ""alien life"",
        ""proof of alien existence"",
        ""real aliens"",
        ""scary aliens"",
        ""mysterious ufo sightings"",
        ""ufos"",
        ""watchmojo"",
        ""watch mojo"",
        ""mojo"",
        ""top 10"",
        ""list""",1781783,19634,2586,24
10 REAL LIFE MERMAIDS Caught On Camera,Sye5R6NMN08,-,0,0,0,24
10 REAL ANGELS CAUGHT ON CAMERA & SPOTTED IN REAL LIFE!,2fhcIBQnpeM,"""Top"",
        ""Best"",
        ""education"",
        ""top 10"",
        ""heaven"",
        ""angels"",
        ""caught on camera"",
        ""spotted in real life"",
        ""caught on tape"",
        ""angel caught on camera"",
        ""proof of heaven"",
        ""camera"",
        ""tape"",
        ""caught"",
        ""spotted"",
        ""angels on camera"",
        ""angel flying"",
        ""angels caught on tape"",
        ""real angels"",
        ""angel"",
        ""real life"",
        ""proof of god"",
        ""guardian angel"",
        ""real angel"",
        ""proof"",
        ""evidence"",
        ""real angels singing"",
        ""angels caught"",
        ""angels caught on tape real"",
        ""angel in real life"",
        ""angelic"",
        ""angel sightings"",
        ""angel sighting"",
        ""angels caught on camera real""",2350219,40504,2428,24
This Is How Elon Musk Spends His 9128718861111 Crores,e2fLGw4JJm0,"""celebrity news"",
        ""elon musk lifestyle"",
        ""elon musk interview"",
        ""elon musk income per minute"",
        ""elon musk salary in rupees per month"",
        ""elon musk income"",
        ""elon musk biography"",
        ""elon musk house"",
        ""elon musk net worth"",
        ""elon musk expensive things"",
        ""elon musk most expensive things"",
        ""expensive things elon musk owns"",
        ""how elon musk spends his millions"",
        ""how elon musk spends his money"",
        ""how elon musk spends his billions"",
        ""how elon musk spends his money in hindi"",
        ""how elon musk spent 83 million dollars""",105900,6629,145,24
10 Biggest Snakes Ever Discovered,rLycYSY2V6Y,"""top"",
        ""factfile"",
        ""education"",
        ""biggest snake in the world"",
        ""TITANOBOA"",
        ""biggest snake in the world found alive"",
        ""biggest snakes caught on camera"",
        ""biggest snakes ever found"",
        ""caught on camera"",
        ""caught on tape"",
        ""worlds biggest anaconda"",
        ""giant snake"",
        ""biggest snake ever caught on camera"",
        ""largest snake"",
        ""largest snake ever found"",
        ""biggest snakes on earth"",
        ""The Biggest Snakes Ever Discovered On Earth"",
        ""biggest snakes to ever Exist"",
        ""giant anaconda"",
        ""giant snake caught on camera""",34269932,211864,2724,27
15 Strangest Cars Ever Made,fmQMFhH28fk,"""bizarre vehicles"",
        ""amazing vehicles"",
        ""most expensive cars"",
        ""unusual cars"",
        ""concept car"",
        ""new transportation"",
        ""future cars"",
        ""strange cars"",
        ""future transportation"",
        ""flying car"",
        ""future vehicles"",
        ""new technology"",
        ""flying cars"",
        ""future bus"",
        ""cars"",
        ""vehicles"",
        ""weird"",
        ""unusual"",
        ""funny"",
        ""strangest"",
        ""strange"",
        ""bizarre"",
        ""automobile"",
        ""weirdest cars ever made"",
        ""weirdest"",
        ""driving"",
        ""weirdest cars"",
        ""strangest cars"",
        ""weird cars"",
        ""vehicle"",
        ""technology"",
        ""new"",
        ""concept"",
        ""inventions"",
        ""weird vehicles"",
        ""worst"",
        ""cool cars"",
        ""viral""",10214897,62962,1900,10
15 BIGGEST Military Vehicles Ever Made,OqTkK9s7a7c,"""Largest Military Vehicles"",
        ""BIGGEST Military Vehicles""",61414,752,54,24
Biggest Vehicles Ever Made,JlMSABAtsAE,"""beamazed"",
        ""be amazed"",
        ""top 10"",
        ""biggest vehicles"",
        ""biggest cars"",
        ""in the world"",
        ""biggest vehicle"",
        ""largest machine ever built"",
        ""the biggest"",
        ""biggest trucks in the world"",
        ""largest machine in the world"",
        ""biggest machines"",
        ""amazing vehicles"",
        ""top 10 vehicles"",
        ""biggest truck"",
        ""monster trucks"",
        ""monstrous vehicles"",
        ""advanced vehicles"",
        ""biggest vehicles in the world"",
        ""biggest vehicles ever"",
        ""biggest vehicles comparison""",4304892,75106,3069,27
Ugliest Design Mistakes Ever Made,_AWeU618aZc," ""beamazed"",
        ""be amazed"",
        ""top 10"",
        ""design fails"",
        ""epic fails"",
        ""worst designs"",
        ""worst designs ever"",
        ""terrible designs"",
        ""terrible design mistakes"",
        ""design mistakes"",
        ""the funniest design fails"",
        ""epic design fails"",
        ""funny design fails"",
        ""funniest design fails"",
        ""design fails that make no sense""",1716230,29787,2159,27
Most Expensive Luxury Items!,PJC-oRDwwY8,"""life hacks"",
        ""crafts"",
        ""slime"",
        ""do it yourself"",
        ""diy"",
        ""lifehacks"",
        ""dily projects"",
        ""useful things"",
        ""how to"",
        ""experiment"",
        ""experiments"",
        ""diy activities"",
        ""handcraft"",
        ""prank"",
        ""funny"",
        ""challenge"",
        ""pranks"",
        ""secret"",
        ""diy slime"",
        ""laugh"",
        ""new"",
        ""skills"",
        ""tricks"",
        ""tips"",
        ""fun""",27159138,584971,17390,24
15 Most Expensive Things In The World,m_wg9l3iF8o,"""Most Expensive Things In The World"",
        ""Price Comparison"",
        ""World Most Expensive Things""",1364015,12103,559,24
10 Most Dangerous Bugs in the World,dN0T9ur_tTQ," ""mindboggler"",
        ""mindboggler videos"",
        ""mind blogger"",
        ""mindblogger"",
        ""most"",
        ""dangerous"",
        ""bugs"",
        ""world"",
        ""around the world"",
        ""dangerous bugs"",
        ""most dangerous"",
        ""most dangerous bugs"",
        ""most dangerous bugs around the world"",
        ""insects"",
        ""dangerous insects"",
        ""most dangerous insects"",
        ""venomous"",
        ""poisonous"",
        ""hornet"",
        ""bee"",
        ""ants"",
        ""ant"",
        ""worst"",
        ""worst bugs"",
        ""worst insects"",
        ""top"",
        ""top 10"",
        ""top ten"",
        ""top list"",
        ""top most"",
        ""list"",
        ""facts""",5736943,96129,3109,27
"If You See This, Run Away And Call For Help",2TcRpkWDoOk," ""Top"",
        ""Best"",
        ""education"",
        ""interesting facts"",
        ""facts about animals"",
        ""facts about Earth"",
        ""unique animals"",
        ""strange animals"",
        ""strange animals caught on tape"",
        ""strange animals that really exist"",
        ""wild animals"",
        ""wildness"",
        ""animal planet"",
        ""true facts"",
        ""caterpillar"",
        ""Deathstalker"",
        ""Stonefish"",
        ""Carpet Viper"",
        ""Cone Snail"",
        ""Africanized Honey Bee"",
        ""Brazilian Wandering Spider"",
        ""Tse Tse Fly"",
        ""Blue-Ringed Octopus"",
        ""Black Mamba"",
        "". Komodo Dragon"",
        ""Box Jellyfish"",
        ""Poison Dart Frog"",
        ""Run Away And Call For Help""",7442471,85983,4437,24
How To Cook Like a Chef || Recipes and Food Hacks,w8I1m1n-7Lg,"""parents"",
        ""how to"",
        ""howto"",
        ""tutorial"",
        ""children"",
        ""handcraft"",
        ""tips"",
        ""5-minute crafts family"",
        ""useful things"",
        ""easy life hacks"",
        ""crafts"",
        ""diy"",
        ""5-minute crafts"",
        ""tricks"",
        ""do it yourself"",
        ""diy projects"",
        ""kids"",
        ""diy activities"",
        ""simple life hacks"",
        ""family"",
        ""lifehacks""",24729627,220891,6711,26
3 SIMPLE INVENTIONS That Can Be Made At Home,lNQ6Zb59HgQ,"""Simple inventions that can be made at home"",
        ""simple inventions to make at home"",
        ""simple inventions at home"",
        ""diy inventions that can be made at home"",
        ""how to make"",
        ""inventions"",
        ""life hacks"",
        ""ideas"",
        ""experiment"",
        ""science"",
        ""tech"",
        ""technology""
    ],
    ""categoryId"": ""26"",
    ""liveBroadcastContent"": ""none"",
    ""localized"": {
        ""title"": ""3 SIMPLE INVENTIONS That Can Be Made At Home"",
        ""description"": ""SIMPLE INVENTIONS That Can Be Made At Home. Simple inventions to make at home. DIY inventions that can be made at home. \nin this video we will see how to make this 3 simple inventions or awesome life hacks. In my channel you have more DIY tutorials and creative ideas, hope you enjoy these new science projects see you in the next 5 minutes craft tutorial and experiments.""
    }
}
",18855942,146802,2133,26
Build The Greatness Kings Underground Temple & Swimming Pool And Feed the Crocodile,DEobiCzGEvE,"""Tube Unique Wilderness"",
        ""Primitive Technology"",
        ""Wild life"",
        ""How to make"",
        ""How to build"",
        ""How to do"",
        ""Minecraft survival"",
        ""build in jungle"",
        ""Build Swimming Pool"",
        ""Viral Trends"",
        ""Tutoriales"",
        ""How-to DIY & Tutorials"",
        ""Primitive Builder"",
        ""Unique Wilderness"",
        ""Feed the Crocodile"",
        ""Kings Swimming Pool"",
        ""crocodile"",
        ""Greatness Kings Underground"",
        ""feed crocodile"",
        ""Underground Temple & Swimming Pool"",
        ""Survival"",
        ""underground swimming pool"",
        ""Swimming Pool"",
        ""Underground Temple"",
        ""Minecraft"",
        ""catch crocodile"",
        ""natural""
    ",25493571,269865,6782,24
10 Biggest Snakes Ever Discovered,rLycYSY2V6Y,"""top"",
        ""factfile"",
        ""education"",
        ""biggest snake in the world"",
        ""TITANOBOA"",
        ""biggest snake in the world found alive"",
        ""biggest snakes caught on camera"",
        ""biggest snakes ever found"",
        ""caught on camera"",
        ""caught on tape"",
        ""worlds biggest anaconda"",
        ""giant snake"",
        ""biggest snake ever caught on camera"",
        ""largest snake"",
        ""largest snake ever found"",
        ""biggest snakes on earth"",
        ""The Biggest Snakes Ever Discovered On Earth"",
        ""biggest snakes to ever Exist"",
        ""giant anaconda"",
        ""giant snake caught on camera",34271272,211874,2724,27
2022 ONLY 1 SETTING How to viral Instagram reels 2021 | Instagram Reels Video viral kaise kare,fPS1ExdBi8k,"""instagram reels viral kaise kare"",
        ""how to Instagram reels"",
        ""instagram reels viral kaise trick"",
        ""vikesh"",
        ""vikesh.24"",
        ""vikesh24"",
        ""how to viral reels on Instagram hashtag"",
        ""how to viral"",
        ""viral"",
        ""instagram hashtag"",
        ""hashtag for Instagram"",
        ""genius trick to followers on Instagram"",
        ""how to increase Instagram followers"",
        ""instagram to viral Instagram"",
        ""instagram reels video Kaise viral Karen"",
        ""how to increase views on Instagram 2022""
  ",24348,2559,170,27
LUCKY Top 5 Lucky People in the World.,jRP4G7FY9ds,"lucky people"",
        ""amazing"",
        ""adventure"",
        ""amazing people"",
        ""accident"",
        ""dangerous"",
        ""in hindi"",
        ""top 5"",
        ""Luckiest People"",
        ""Luckiest People In The World"",
        ""Caught on camera"",
        ""Luckiest People on the Planet""",17126511,142282,812,27
world's 5 most expensive incidents.,iBIV1x2U_Ew,"""दुनिया"",
        ""दुनिया की"",
        ""दुनिया के"",
        ""top 5"",
        ""top 10"",
        ""facts"",
        ""adventure"",
        ""amazing"",
        ""intresting"",
        ""bridge"",
        ""road"",
        ""सबसे महंगे"",
        ""expensive incidents"",
        ""accident"",
        ""top expensive accidents"",
        ""tsunami"",
        ""घटनाएं"",
        ""hindi"",
        ""khatarnak"",
        ""most amazing""",33800081,394968,4129,27
wild elephant chasing vehicles at the Katharagama (Sri lanka),N016NLZX9V4,"Elephant"",
        ""Wild elephant"",
        ""Angery elephant"",
        ""Elephant attack"",
        ""Sri lankan elephant""",87069636,203949,5944,15
Amazing up close footage of Lava entering the ocean.,ahZD95l1MvM,"""GOPR6617""",59038999,510435,29778,22
"10 Extreme Dangerous Biggest Dump Truck Operator Skills, Amazing Heavy Equipment Machines Driving",thR_9Aqvrgc,"""Dump Truck"",
        ""Truck Operator Skills"",
        ""Heavy Equipment"",
        ""Heavy Equipment Machines"",
        ""Fails"",
        ""Truck Fails"",
        ""Machines""",10952621,18564,240,28
"If you never saw it before, you wouldn’t believe it was real",IvHAlAEn5vs,"""Casual geographic"",
        ""Video"",
        ""Sharing"",
        ""Camera phone"",
        ""Video phone"",
        ""Free"",
        ""Upload""",3359277,165661,6679,22
15 Most Dangerous Trees You Should Never Touch,7SeQrn2a3cA,"deadly plants"",
        ""bizarre plant"",
        ""poisonous plants"",
        ""dangerous plants"",
        ""interesting facts"",
        ""in the world"",
        ""plants"",
        ""facts"",
        ""dangerous"",
        ""poisonous"",
        ""world"",
        ""nature"",
        ""poison"",
        ""flowers"",
        ""toxic plants"",
        ""wildlife"",
        ""killer plants"",
        ""touch"",
        ""wildness"",
        ""true facts"",
        ""mind blowing"",
        ""deadly"",
        ""deadliest plants"",
        ""tree"",
        ""insects"",
        ""poisonous plant"",
        ""strange plants"",
        ""unbelievable"",
        ""terrifying plants"",
        ""crazy"",
        ""creepy"",
        ""scary plants"",
        ""unexplained"",
        ""earth"",
        ""terrifying"",
        ""natural"",
        ""dangerous trees"",
        ""never touch""",6210391,125153,9223,10
12 Most Mysterious Places Scientists Still Can't Explain,nIFkpvx2vH4,"""12 Most Mysterious Places Scientists Still Can't Explain"",
        ""mysterious places"",
        ""mystery"",
        ""scientists cant explain"",
        ""mysterious discoveries"",
        ""mystery found"",
        ""ancient mystery"",
        ""ancient found"",
        ""12 most"",
        ""top 12"",
        ""most amazing""",7055601,64999,2638,22
"If These Phenomena Weren’t Recorded, No One Would Believe It",wKBMpneOhd8,"""WaTop"",
        ""Wa Top"",
        ""Iceberg"",
        ""Border of the rain"",
        ""Tumbleweed"",
        ""Sudden hail"",
        ""hail"",
        ""natural"",
        ""weather"",
        ""bad weather"",
        ""Locust invasion"",
        ""Avalanche"",
        ""Ice houses"",
        ""Abnormal heat"",
        ""snow in the Sahara"",
        ""sahara snow"",
        ""seeing things for the first time"",
        ""never seen"",
        ""phenomen"",
        ""in your life""",24501414,283605,6792,27
10 ANIMAL HYBRIDS YOU WON'T BELIEVE EXIST,MZXohpDPlsY,"""Top"",
        ""Best"",
        ""education"",
        ""Top 10"",
        ""animals"",
        ""awesome animals"",
        ""animal"",
        ""hybrids"",
        ""hybrid"",
        ""awesome hybrid animals"",
        ""cross breeding"",
        ""breed"",
        ""leopon"",
        ""liger"",
        ""zoo"",
        ""awesome zoo"",
        ""amazing"",
        ""zebroid"",
        ""tigon"",
        ""zorse"",
        ""rare animals"",
        ""real hybrid animals"",
        ""funny hybrid animals"",
        ""cool hybrid animals"",
        ""Wolfdog"",
        ""wholphin"",
        ""cama"",
        ""grolar bear"",
        ""coywolf"",
        ""narluga"",
        ""narluga whale"",
        ""10 Awesome Hybrid Animals That Actually Exist"",",3811575,35594,1881,15
15 Most Amazing Finds Archaeologists Still Can’t Explain,UotIK0wDhUg,"""archaeological discoveries"",
        ""mysterious discoveries"",
        ""ancient discoveries"",
        ""strange discoveries"",
        ""ancient"",
        ""discoveries"",
        ""recent discoveries"",
        ""mysterious"",
        ""archaeological"",
        ""unexplained discoveries"",
        ""archaeology"",
        ""unexplained"",
        ""recent"",
        ""strange"",
        ""mysterious artifacts"",
        ""artifacts"",
        ""archaeological finds"",
        ""mysterious finds"",
        ""weird discoveries"",
        ""discovered"",
        ""ancient artifacts"",
        ""ancient mystery"",
        ""strange mysteries"",
        ""weird"",
        ""discovery"",
        ""ancient archaeology"",
        ""most mysterious"",
        ""unexplained mysteries"",
        ""mystery"",
        ""ancient finds""",1033877,21386,1708,24
Most Mysterious Finds Science Can't Explain !,210ZoXTl_e4,"recent discoveries"",
        ""amazing discoveries"",
        ""discoveries"",
        ""Discoveries Science Can't Explain"",
        ""scientist can't explain"",
        ""mysterious discoveries"",
        ""archaeological discoveries"",
        ""science can't explain"",
        ""strange discoveries"",
        ""unexplained discoveries"",
        ""unsolved mysteries"",
        ""unexplained archaeological discoveries"",
        ""top 20"",
        ""12 most"",
        ""scientists still cant explain"",
        ""ancient finds"",
        ""ancient mystery"",
        ""most incredible discoveries"",
        ""unusual finds"",
        ""12 Most Incredible Discoveries Scientists Still Can't Explain""
 ",3889726,59584,2337,22
RICH People Who Turned Themselves into PLASTIC!,oOf-44xhbnU,"""beamazed"",
        ""be amazed"",
        ""top 10"",
        ""crazy plastic surgery"",
        ""most extreme plastic surgery transformations"",
        ""people who look totally different now"",
        ""real life barbie"",
        ""real life doll"",
        ""living doll woman"",
        ""martina big"",
        ""botched"",
        ""botched plastic surgery"",
        ""zombie angelina jolie"",
        ""angelina jolie creepy"",
        ""real life cartoon woman"",
        ""real life jessica rabbit"",
        ""real life ken doll""",3323528,66278,4288,27
UNBELIEVABLE Body Mods - Guinness World Records,u13WrWCS3eo,"""GWR"",
        ""Guinness World Records"",
        ""Guinness Records"",
        ""Guinness"",
        ""World Record"",
        ""Guinness Book"",
        ""World Record Book"",
        ""record book"",
        ""record breakers"",
        ""Record"",
        ""Officially Amazing"",
        ""2019"",
        ""guinness buch der rekorde"",
        ""ギネス世界記録"",
        ""ギネス"",
        ""ギネスブック"",
        ""lo show dei record"",
        ""2020"",
        ""2021"",
        ""body mods"",
        ""body modifications"",
        ""extreme body modifications"",
        ""most tattooed person"",
        ""body modification"",
        ""most piercings"",
        ""extreme piercings"",
        ""most tattoos"",
        ""tattoos and piercings"",
        ""longest nails"",
        ""longest earlobes"",
        ""改造"",
        ""ピアス"",
        ""タトゥー"",
        ""入れ墨"",
        ""まとめ"",
        ""総集編""",6562056,70068,2971,24
CORPSE Found Hidden In Tree Trunk!,Lvwk5doliwU,"""beamazed"",
        ""be amazed"",
        ""top 10"",
        ""man finds chain on farm"",
        ""crazy metal detector finds"",
        ""amazing metal detector discovery"",
        ""strangest archaeological discoveries"",
        ""recent archaeological discoveries"",
        ""most amazing discoveries"",
        ""amazing recent archaeology discoveries"",
        ""man makes strange discovery on farm"",
        ""man finds something unbelievable""
   ",6633343,142542,2636,27
Unexplained Mysteries That NEED Some Serious Explaining,SD5Sg4N_mks,"""beamazed"",
        ""be amazed"",
        ""top 10"",
        ""Unexplained Mysteries That NEED Explaining"",
        ""creepy unexplained mysteries"",
        ""mysterious staircase found in woods"",
        ""best of reddit nosleep"",
        ""r/nosleep"",
        ""staircase in the middle of the woods"",
        ""who is the babushka lady"",
        ""jfk assassination babushka lady"",
        ""alien caught on camera"",
        ""spaceman alien"",
        ""solway spaceman"",
        ""guardian angel caught on camera"",
        ""annabelle in real life"",
        ""mysterious clouds"",
        ""time traveller caught on camera"",
        ""time traveller photo"",
        ""mysterious monoliths""
   ",4025056,57839,3622,27
12 Most Incredible Recent Discoveries,h8uXR09CgXs,"""12 Most Incredible Recent Discoveries"",
        ""recent discoveries"",
        ""incredible finds"",
        ""recent finds"",
        ""amazing discoveries"",
        ""archaeology discoveries"",
        ""recent archaeology discoveries"",
        ""most amazing"",
        ""12 most"",
        ""top 12""",6526897,28621,1375,22
You Won't believe What People Found on These Beaches,MCBXKITOGo4,"""washed up on shore"",
        ""found on the beach"",
        ""washed ashore"",
        ""found on beach"",
        ""Things Washed Up On Shore"",
        ""strangest things"",
        ""things found on the beach"",
        ""strangest things found on the beach"",
        ""wash up on shore"",
        ""things found"",
        ""amazing finds"",
        ""unexpected finds"",
        ""ghost ship found"",
        ""creatures found"",
        ""strange animals found"",
        ""strange animals found in beach"",
        ""strangest things washed up on beaches"",
        ""mysterious discoveries"",
        ""weirdest things"",
        ""expensive things found"",
        ""mermaid found"",
        ""washed""
   ",10021644,105638,2493,22
15 Abnormally Strange Cats That Actually Exist,P3h45znNqCQ,"""cat breeds"",
        ""rare cat breeds"",
        ""rarest cat breeds"",
        ""savannah cat"",
        ""in the world"",
        ""expensive cats"",
        ""most expensive cats"",
        ""weird cats"",
        ""bengal cat"",
        ""big cats"",
        ""norwegian forest cat"",
        ""maine coon"",
        ""funny cats"",
        ""cat video"",
        ""rare cats"",
        ""persian cat"",
        ""expensive cat breeds"",
        ""rare cat breeds list"",
        ""cats"",
        ""won’t"",
        ""actually"",
        ""exist"",
        ""amazing"",
        ""world"",
        ""unusual"",
        ""unbelievable"",
        ""ever"",
        ""pets"",
        ""zombie cat"",
        ""strange cats"",
        ""bizarre cats"",
        ""won’t believe"",
        ""actually exist"",
        ""Abnormally Strange Cats"",
        ""Strange Cats""
   ",7031184,248040,8898,27
You Won't Believe Such Large Animals Really Exist,dsms3bUqIlw,"""biggest animals"",
        ""biggest animal in the world"",
        ""top 20"",
        ""biggest shark"",
        ""biggest wolf"",
        ""biggest bear"",
        ""biggest dog"",
        ""biggest snake in the world"",
        ""biggest crocodile"",
        ""biggest horse in the world"",
        ""largest snake"",
        ""largest creatures ever"",
        ""largest crocodile"",
        ""world biggest"",
        ""biggest boar"",
        ""biggest anaconda"",
        ""largest animal ever"",
        ""biggest bird ever"",
        ""largest animals"",
        ""biggest animals in the world"",
        ""world's biggest animals"",
        ""giant snake"",
        ""largest snake in the world""
",1271840,13482,480,22
10 BIGGEST CATCHES OF ALL TIME,SKlxC8OBT8w,"""Top"",
        ""Best"",
        ""education"",
        ""shocking fishing moments"",
        ""fishing"",
        ""fishing moments"",
        ""caught on camera"",
        ""weird fishing moments"",
        ""shocking fishing"",
        ""shocking moments caught on camera while fishing"",
        ""crazy fishing moments"",
        ""craziest fishing moments"",
        ""caught on video"",
        ""fishing 2019"",
        ""fishing gopro"",
        ""weird fishing"",
        ""sewer fishing"",
        ""sewer fish"",
        ""fishing videos"",
        ""scary fishing"",
        ""fish"",
        ""fish videos"",
        ""amazing fishing"",
        ""best fishing videos"",
        ""shark"",
        ""creatures"",
        ""underwater"",
        ""ocean"",
        ""water"",
        ""river"",
        ""10 BIGGEST CATCHES OF ALL TIME""
",9117320,77544,1965,24
10 Sightings of the Megalodon That May Prove It Exists,nnSdjyT1Eqg,"""Top"",
        ""Best"",
        ""great white shark"",
        ""great white"",
        ""sharks"",
        ""shark species"",
        ""sharks in aquariums"",
        ""great white shark captivity"",
        ""monterey bay aquarium"",
        ""endangered shark"",
        ""megalodon caught on camera"",
        ""megalodon caught on tape"",
        ""megalodon"",
        ""megalodon shark caught on tape"",
        ""real megalodon caught on tape"",
        ""megalodon on camera"",
        ""megalodon is real"",
        ""megalodon real"",
        ""megalodon on video"",
        ""megalodon videos"",
        ""megalodon is alive"",
        ""megalodon real life"",
        ""megalodon giant shark"",
        ""megalodon shark"",
        ""caught on camera""",3664417,61398,4510,24
How to Get Unlimited myClub Coins and GP For Free in Pes 2021 Mobile,QjO7qSTJKOo,"""how to get more gp and coins in pes 2021"",
        ""how to get more gp and coins in pes 2021 pes malayalam"",
        ""how to get so many club coins in pes 2021"",
        ""how to get so many gp in pes 2021"",
        ""how to get 1 million gp in pes 2021 malayalam"",
        ""pes 2021 gp trick malayalam"",
        ""trick get more coins in pes mobile 2021"",
        ""how to get coins in pes 2021"",
        ""how to get coins in pes 2021 for free malayalam"",
        ""how to get free gp in pes 2021 mobile malayalam"",
        ""how to get free gp in pes 2021 mobile malayalam trick"",
        ""coins pes""
",530591,0,336,20
CONAN hits gym with Kevin Hart ,jDdKtWnFXFo,"""Team coco"",
        ""andy richter"",
        ""best moments of conan"",
        ""celebrity interviews"",
        ""coco"",
        ""comedy"",
        ""comedy sketches"",
        ""conan"",
        ""conan (tv series)"",
        ""conan best"",
        ""conan best moments"",
        ""conan brien"",
        ""conan classic"",
        ""conan funniest moments"",
        ""conan funny interviews"",
        ""conan funny moments"",
        ""conan o'brien"",
        ""conan obrien interview"",
        ""conan obrien podcast"",
        ""conan on tbs"",
        ""conan remotes"",
        ""funny"",
        ""funny moments on conan"",
        ""late night show"",
        ""stand-up comedy"",
        ""talk show"",
        ""talk show hosts"",
        ""tbs"",
        ""tbs (tv channel)"",
        ""top 10 conan""",23861844,320383,10980,23
Top 20 scariest titok of the year,wUQyHA-JHTE,"""nukes tops 5"",
        ""nukes top 5"",
        ""nukestop5"",
        ""nuke's top 5"",
        ""nuke’s top 5"",
        ""ghost"",
        ""top 5"",
        ""top 20"",
        ""scary ghost videos"",
        ""ghost videos"",
        ""scary ghost"",
        ""ghost video"",
        ""ghosts"",
        ""tiktok"",
        ""tik tok"",
        ""scariest"",
        ""real ghost"",
        ""poltergeist"",
        ""haunted doll"",
        ""haunted places"",
        ""paranormal"",
        ""tiktok ghost"",
        ""top 10"",
        ""scary video"",
        ""scary videos"",
        ""scariest videos"",
        ""top 10 ghost"",
        ""top 10 scary"",
        ""caught on camera"",
        ""scary tiktok"",
        ""scary"",
        ""top 15"",
        ""list"",
        ""lists"",
        ""top 10 list"",
        ""paranormal activity"",
        ""ghost hunters"",
        ""top10"",
        ""ghost caught on camera""",2479461,59172,5688,24
REAL OR FAKE,sLCdX3dafXI,"""MAN WITH 3 EYES"",
        ""MAN WITH 3 eyes and two noses"",
        ""Bill Durk"",
        ""Morning Glory Clouds australia"",
        ""Nasa"",
        ""Bill Durks man with 3 eyes"",
        ""nasa ocean exploration"",
        ""nasa ocean theory.\nnasa ocean"",
        ""nasa ocean discoveries"",
        ""Clouds"",
        ""Bills Channel"",
        ""Bill's Channel"",
        ""Real or fake"",
        ""real or fake billschannel""",66229,2702,785,24
10 megalodon caught on camera and in real life,W-j0kFE82jk,"""Megalodon"",
        ""videos"",
        ""caught on camera"",
        ""caught on tape"",
        ""spotted"",
        ""in real life"",
        ""spotted in real life"",
        ""sea"",
        ""sea creatures"",
        ""sea monsters"",
        ""animals"",
        ""pets"",
        ""creatures"",
        ""unexplained"",
        ""mystery"",
        ""mysteries"",
        ""unsolved"",
        ""unknown"",
        ""unidentified"",
        ""interesting"",
        ""fact"",
        ""facts"",
        ""real"",
        ""fake"",
        ""real or fake"",
        ""real or fake videos"",
        ""list"",
        ""lists"",
        ""top 10"",
        ""shark"",
        ""megalodon caught on tape"",
        ""megalodon shark"",
        ""sharks"",
        ""countdown"",
        ""scary"",
        ""top 15"",
        ""chills"",
        ""scariest things"",
        ""mysterious"",
        ""creepy"",
        ""mysterious things"",
        ""mysterious videos"",
        ""caught on video"",
        ""scariest""",10816863,82074,22143,27
10 times real mermaids were found,4U_l8WoaWks,"""top"",
        ""education"",
        ""100m"",
        ""mermaids"",
        ""sea"",
        ""myth"",
        ""ocean"",
        ""water"",
        ""fish"",
        ""mermaid sighting"",
        ""mermaid"",
        ""myths and legends"",
        ""fish people"",
        ""sirens"",
        ""sea creatures"",
        ""history of mermaids"",
        ""mermades"",
        ""Top 5"",
        ""Real Life Mermaids"",
        ""Caught On Camera"",
        ""Caught On Tape"",
        ""Mysterious Creatures"",
        ""Real Life Mermaids Caught On Camera"",
        ""Mermaid Melissa"",
        ""Top 5 Show"",
        ""Swimming"",
        ""Found Alive"",
        ""Sirena"",
        ""Mermaid Found"",
        ""Real"",
        ""Footage"",
        ""Found On Beach"",
        ""Must See"",
        ""mermaid found"",
        ""mermaid spotted"",
        ""real mermaid"",
        ""mermaid caught on camera"",
        ""caught""",5776136,282067,4924,24
10 jaw dropping discoveries found frozen in ice,1W_2IV6t9cU,"""TheRichest"",
        ""Treasure"",
        ""Dinosaurs"",
        ""Fossils"",
        ""Rhino Sasha"",
        ""Rhinoceros"",
        ""buried"",
        ""in ice"",
        ""frozen"",
        ""beneath"",
        ""found"",
        ""discovered"",
        ""creature"",
        ""mystery"",
        ""solved"",
        ""rare"",
        ""ocean"",
        ""antarctic"",
        ""scientist"",
        ""dino"",
        ""mummy"",
        ""global warming""",1597583,24006,973,1
Roasted - Snoop Dogg's best comebacks ,_z_eXrG0qUs,"""snoop dogg"",
        ""snoop dogg's best comebacks"",
        ""best roast moments"",
        ""Justin Bieber"",
        ""Bruce Wilis"",
        ""Rob Lowe"",
        ""James Franco"",
        ""Alec Baldwin"",
        ""The Roast Of"",
        ""Roast of Justin Bieber"",
        ""Roast of Bruce Willis"",
        ""Roast of Rob Lowe"",
        ""Roast of James Franco"",
        ""Roast of Alec Baldwiin"",
        ""Pete Davidson"",
        ""SNL"",
        ""Ludacris"",
        ""Natasha Leggero"",
        ""Shaq"",
        ""Kevin Hart"",
        ""Martha Stewart"",
        ""Hannibal Burress"",
        ""comedy central"",
        ""comedy central roast"",
        ""roast"",
        ""roast revenge"",
        ""the roast of"",
        ""best comebacks"",
        ""The Roast of Bruce Willis"",
        ""comebacks""",506987,9187,80,23
What if you find dinosaur eggs and hatch it,N8QsLwba0Ls,"""bright side"",
        ""brightside"",
        ""dino facts"",
        ""dinosaur eggs"",
        ""what if dinosaurs never went extinct"",
        ""dinosaur facts"",
        ""facts about dinosaurs"",
        ""video about dinosaurs"",
        ""T-rex"",
        ""Trex"",
        ""dinosaur population"",
        ""T-rex population"",
        ""prehistoric animals"",
        ""prehistoric giants"",
        ""largest creatures ever"",
        ""giants of the planet"",
        ""paleontological discoveries"",
        ""facts about animals"",
        ""largest animals"",
        ""dinosaurs"",
        ""size of dinosaurs"",
        ""dino population"",
        ""billions of years ago"",
        ""what dinosaurs look like"",
        ""scientific discovery"",
        ""science""",222117,3659,450,26
Steve Carell monologue- SNL,7t1iFscpIcU,"""Finale"",
        ""SNL"",
        ""Saturday Night Live"",
        ""2000s"",
        ""Season 33"",
        ""Monologue"",
        ""2008"",
        ""Nancy Walls"",
        ""Steve Carell"",
        ""The Office"",
        ""Red Bulls""",2158189,38196,1061,24
Best Intro ever - office US,mfokPqeSNcw,"""the office us olympics"",
        ""the office season 9"",
        ""the office"",
        ""the office bloopers"",
        ""the office full episodes"",
        ""the office funniest moments"",
        ""the office fire drill"",
        ""jim and dwight pranks"",
        ""john krasinski"",
        ""jenna fischer"",
        ""michael scott"",
        ""steve carell"",
        ""dwight schrute"",
        ""rainn wilson"",
        ""jim halpert"",
        ""the office thug life"",
        ""the human beinz"",
        ""nobody but me"",
        ""the isley brothers"",
        ""the office best intro"",
        ""the office intro"",
        ""best intro ever"",
        ""best intro"",
        ""best of the office"",
        ""the office best intro ever""
 ",13902388,313543,11091,24
Parents react to KSI's new tattoo ,BmXtp4r6Suo,"""PARENTS REACT TO KSI'S NEW TATTOOS"",
        ""comedy"",
        ""comedyshorts"",
        ""comedyshortsgamer"",
        ""csg"",
        ""comedygamer"",
        ""dej"",
        ""deji"",
        ""ksi"",
        ""ksiolajidebt"",
        ""paprents"",
        ""yinka"",
        ""jide"",
        ""ksi olajidebt"",
        ""comedy shorts gamer"",
        ""tattoo"",
        ""tattoo prank"",
        ""I'M SORRY MUM""",6386931,224812,19189,22
The lowest rated movie ever,o6NRHkaU3w0,"""lowest ranked movie"",
        ""lowest rated movie"",
        ""worst movie"",
        ""worst movie ever"",
        ""disaster movie""",2272428,108970,4632,23
Living dinosaur alive on planet,xx4pTVSEv7Y,""""" ",12167,494,57,15
7 Real Transforming Vehicles You Didn't Know Existed ▶ 1,727BL_s1-Kg,"transformer"",
        ""BMW"",
        ""letrons"",
        ""transformers"",
        ""robot car"",
        ""robots araund us"",
        ""amazing things"",
        ""Bumblebee"",
        ""TRANSFORMATION ROBOTS"",
        ""Machines"",
        ""Transformers"",
        ""Mercedes"",
        ""Tags7 REAL TRANSFORMING VEHICLES YOU HAVE TO SEE"",
        ""Transforming Vehicles"",
        ""transforming car"",
        ""Invention"",
        ""Innovation"",
        ""cars"",
        ""real robot"",
        ""education"",
        ""car"",
        ""vehicle"",
        ""vehicles"",
        ""electric"",
        ""autobot"",
        ""In"",
        ""Real Life"",
        ""Real Transformers"",
        ""how to"",
        ""toys"",
        ""coolest"",
        ""Flying Car"",
        ""Robots"",
        ""technology"",
        ""tech"",
        ""latest technology""",82505778,382353,5619,24
If we treated teachers like Pro Athletes - key and peele.,aYOg8EON29Y,"""Key & Peele"",
        ""Key and Peele"",
        ""Jordan Peele"",
        ""Keegan-Michael Key"",
        ""keey & peele"",
        ""Key & Peele full episodes"",
        ""key and peele show"",
        ""kay and peele"",
        ""teaching center"",
        ""sports"",
        ""teaching"",
        ""teachers"",
        ""althetes"",
        ""pro athletes"",
        ""contracts"",
        ""salary"",
        ""draft"",
        ""ESPN"",
        ""sports center"",
        ""CSEN"",
        ""sketch comedy"",
        ""funny"",
        ""funny video"",
        ""comedy videos"",
        ""funny jokes"",
        ""funny clips"",
        ""sportscenter"",
        ""sportscenter parody"",
        ""teachingcenter"",
        ""color commentary"",
        ""keegan michael key"",
        ""school""
 ",7272795,225401,10097,23
"""Shaq Life: Shaq Attends His Daughter's Graduation [CLIP] | TNT"",
  ",#NAME?,"""tnt"",
        ""tnt network"",
        ""comedy"",
        ""tnt shows"",
        ""shaq"",
        ""shaquille oneal"",
        ""shaq oneal"",
        ""nba"",
        ""tnt new series"",
        ""shaqlife"",
        ""shaq life"",
        ""samuel l jackson"",
        ""Daughter's Graduation"",
        ""Oglethorpe University"",
        ""Taahirah"",
        ""shaq lifestyle"",
        ""shaq life story"",
        ""shaq life tnt"",
        ""shaq life reaction"",
        ""shaq life animation"",
        ""shaq life tbs"",
        ""shaq life tv show"",
        ""shaq life change"",
        ""shaq life show"",
        ""shaq life commercial"",
        ""shaq life show tnt"",
        ""shaq life expectancy"",
        ""nolifeshaq reactions"",
        ""shaquille o'neal"",
        ""basketball""
 ",4257736,40432,1441,24
"Will & Uncle Phil Funny Moments | THE FRESH PRINCE OF BEL-AIR"",
  ",O4N09f926o4,"""thefreshprinceofbelair"",
        ""thefreshprince"",
        ""thefreshprinceofbelairfunnymoments"",
        ""unclephilbestmoments"",
        ""unclephilyouaremyson"",
        ""unclephilfunnymoments"",
        ""unclephilwe"",
        ""thefreshprinceofbelairwillandunclephil"",
        ""willsmithfunnymoments"",
        ""thefreshprinceofbelairbestmoments"",
        ""thefreshprinceofbelairclips"",
        ""thefreshprinceofbelaircourtscene"",
        ""thefreshprinceofbelairending"",
        ""thefreshprinceofbelairelevator"",
        ""thefreshprinceofbelairfinalepisode"",
        ""jamesavery"",
        ""willsmith"",
        ""thefreshprinceofbelairwillfunnymoments"",
        ""thefreshprinceofbelairseason6""
",650846,11675,277,23
"Ricky Gervais Won't Wear a Wig Despite Going Bald"",
   ",UNe6mqJqA3g,"""The Tonight Show"",
        ""Jimmy Fallon"",
        ""Ricky Gervais"",
        ""Wig"",
        ""Despite"",
        ""Bald"",
        ""NBC"",
        ""NBC TV"",
        ""Television"",
        ""Funny"",
        ""Talk Show"",
        ""comedic"",
        ""humor"",
        ""snl"",
        ""Fallon Stand-up"",
        ""Fallon monologue"",
        ""tonight"",
        ""show"",
        ""jokes"",
        ""funny video"",
        ""interview"",
        ""variety"",
        ""comedy sketches"",
        ""talent"",
        ""celebrities"",
        ""video"",
        ""clip"",
        ""highlight"",
        ""the office"",
        ""the invention of lying"",
        ""cemetery junction"",
        ""derek"",
        ""david brent""",770563,8236,255,23
"ONE GUY, 54 VOICES (With Music!) Famous Singer Impressions (REACTION!!!)"",
  ",VhTs-yvx7TE,"""Nolifeshaq reactions"",
        ""country reactions"",
        ""metal reactions"",
        ""hip hop reactions"",
        ""eminem reactions"",
        ""music"",
        ""funny reactions""",3585183,118503,5829,24
"Exploring my 14 YEAR OLD Pokemon Emerald Save File! - PokeTips"",
  ",hAlNfS6FIzU,"""pokemon emerald"",
        ""old pokemon save files"",
        ""exploring old pokemon save files"",
        ""14 year old pokemon save"",
        ""10 year old pokemon game"",
        ""old pokemon game"",
        ""pokemon ruby"",
        ""pokemon sapphire"",
        ""pokemon gba save"",
        ""Exploring old save file"",
        ""Reacting to old save"",
        ""Used Pokemon Save"",
        ""old gba save file"",
        ""reacting to old pokemon"",
        ""old pokemon save"",
        ""checking old pokemon save files"",
        ""old pokemon emerald save file""
   ",1980327,44957,2651,20
"""Gymnastics with Terry Crews | Kevin Hart: What The Fit Episode 9 | Laugh Out Loud Network"",
   ",5Jtvv7vQxIA,"""What the Fit"",
        ""Kevin Hart What the Fit"",
        ""Kevin Hart"",
        ""YouTube Originals"",
        ""YouTube Originals Series"",
        ""Series"",
        ""Conan O’Brien"",
        ""James Corden"",
        ""Tiffany Haddish"",
        ""Khloe Kardashian"",
        ""Leslie Jones"",
        ""Bill Hader"",
        ""Rhett & Link"",
        ""Rhett and Link"",
        ""Evander Holyfield"",
        ""Joel McHale"",
        ""Terry Crews"",
        ""Ken Jeong"",
        ""Niecy Nash"",
        ""Jack Black"",
        ""Chance the Rapper"",
        ""Chance"",
        ""LA Rams"",
        ""Rams"",
        ""Los Angeles Rams"",
        ""DJ Khaled"",
        ""LOL"",
        ""Laugh Out Loud Network"",
        ""Kevin Hart’s Laugh Out Loud Network"",
        ""Fitness"",
        ""cold as balls"",
        ""gymnastics""",40559197,507620,15482,23
Tion Wayne - Wow [Music Video] | GRM Daily,RFVj97MoSAM,"""Music"",
        ""GRM"",
        ""GRM Daily"",
        ""Video"",
        ""music video"",
        ""pop music"",
        ""Drill Music"",
        ""UK Drill"",
        ""Grime"",
        ""UK Music"",
        ""grimedaily"",
        ""tion wayne"",
        ""tion wayne body"",
        ""body"",
        ""body 2"",
        ""body remix"",
        ""wow"",
        ""tion wayne wow"",
        ""tion wayne man down""",34148,945,63,10
Post Malone -Wow (Official Music Video),393C3pr2ioY,"""posty"",
        ""post"",
        ""post malone"",
        ""congratulations"",
        ""white iverson"",
        ""wow"",
        ""post malone wow"",
        ""1vibe dance post malone"",
        ""jen colvin"",
        ""mike allencourt"",
        ""mike allen court"",
        ""mike alancourt"",
        ""mike alancourt ellen"",
        ""beerbongs & bentleys""",100770,3707,135,10
Post Malone - Wow (Lyrics),HBoXPQWCAzI,"""The New Vibe""",503029,4370,306,10
Top 10 Hardest and Annoying First Bosses in WoW History,2eSjo1ZaABM," ""Battle"",
        ""For"",
        ""Azeroth"",
        ""World Of Warcraft (Video Game)"",
        ""hirumaredx"",
        ""history"",
        ""wow"",
        ""worl"",
        ""vanilla"",
        ""bc"",
        ""burning crusade"",
        ""wrath"",
        ""wrath of the lich king"",
        ""linch king"",
        ""Video Game (Industry)"",
        ""World Warcraft"",
        ""facts"",
        ""Warcraft (Fictional Universe)"",
        ""how did doom work before wrath"",
        ""before cata"",
        ""how it use to work"",
        ""funny"",
        ""2022"",
        ""9.2""",91969,2422,160,20
Zara Larsson - WOW (Official Audio),Te-Ktb4w8pE," ""Sweden"",
        ""I Would Like"",
        ""Ten Records"",
        ""Ty Dolla $ign"",
        ""So Good video"",
        ""So Good official video"",
        ""Zara Larsson So Good Video"",
        ""Ty Dolla $ign So Good"",
        ""Netflix"",
        ""Work It"",
        ""Quinn and Jake"",
        ""Quinn"",
        ""Jake"",
        ""Epic/Record Company TEN"",
        ""Pop"",
        ""WOW"",
        ""Zara Larsson""",838730,5042,65,10
Zara Larsson - WOW (Remix - Official Music Video) ft. Sabrina Carpenter,wC9i8w2cHwM,"""Sweden"",
        ""I Would Like"",
        ""Ten Records"",
        ""Ty Dolla $ign"",
        ""So Good video"",
        ""So Good official video"",
        ""Zara Larsson So Good Video"",
        ""Ty Dolla $ign So Good"",
        ""Netflix"",
        ""Work It"",
        ""Quinn and Jake"",
        ""Quinn"",
        ""Jake"",
        ""love me land"",
        ""zara"",
        ""zara larsson"",
        ""wow lyrics"",
        ""wow"",
        ""wow performance"",
        ""sabrina carpenter"",
        ""wow remix"",
        ""sabrina carpenter remix"",
        ""imanbek"",
        ""imanbek remix"",
        ""wow imanbek remix"",
        ""zara and sabrina"",
        ""wow remix official"",
        ""wow official video"",
        ""Epic/Record Company TEN"",
        ""Pop"",
        ""WOW""",481233,13960,447,10
9.2 Anduin Frees Arthas Ending Cinematic - Sepulcher of First Ones [WoW: Eternity&#39;s End Lore],utyMY5vnICg,NA,496700,5444,2551,20
"Maria Becerra, Becky G - WOW WOW (Official Video)",JVPWho8WHvg,"""Maria Becerra"",
        ""Becerra"",
        ""maria becerra music"",
        ""mujeres trap"",
        ""trap latino"",
        ""trap argentino"",
        ""maria"",
        ""animal"",
        ""cazzu maria"",
        ""becerra y dani"",
        ""cazu y maria"",
        ""maria becerra y cazu"",
        ""animal album"",
        ""álbum"",
        ""álbum animal"",
        ""animal parte 1"",
        ""a solas"",
        ""a solas animal"",
        ""acaramelao"",
        ""acaramelao animal"",
        ""cerquita de ti"",
        ""cerquita"",
        ""cerquita de ti animal"",
        ""rusherking"",
        ""fer palacio"",
        ""rusher"",
        ""maria y rusher"",
        ""ft cazzu"",
        ""ft rusher"",
        ""ft rusherking"",
        ""ft fer palacio"",
        ""gaspi""",91278039,857825,22413,10
Post Malone - Wow. (Audio),NA4uIFbVCPM,"""Post"",
        ""Malone"",
        ""Wow."",
        ""(Audio)"",
        ""Republic"",
        ""Records"",
        ""Hip"",
        ""Hop""",2459152,50237,789,10
Post Malone - Wow,D0i23wZ0IeE,"""posty"",
        ""post"",
        ""post malone"",
        ""congratulations"",
        ""hip hop"",
        ""rap"",
        ""white iverson"",
        ""iverson"",
        ""Wow"",
        ""beerbongs & bentleys"",
        ""stoney"",
        ""rockstar"",
        ""christmas"",
        ""holiday"",
        ""wow post malone"",
        ""post malone wow""",106855463,1128629,34548,10
Motu Patlu Cartoons In Hindi |  Animated cartoon | Pigeon courier service | Wow Kidz,YYwuglbtLP4,"""Animated Series"",
        ""Kids Animation"",
        ""family comedy"",
        ""wowkids"",
        ""wow kidz"",
        ""funny cartoon videos"",
        ""popular indian cartoon"",
        ""cosmos cartoons"",
        ""Pigeon Courier Service - Motu Patlu in Hindi - 3D Animation Cartoon for Kids - As on Nickelodeon"",
        ""kids cartoon shows"",
        ""animated cartoon"",
        ""funniest cartoons"",
        ""animation"",
        ""best cartoon for kids"",
        ""most popluar cartoon for kids"",
        ""motu patlu"",
        ""motu patlu ki jodi"",
        ""motu aur patlu"",
        ""motu patlu in hindi"",
        ""motu"",
        ""hindi cartoon"",
        ""Pigeon Courier Service""",6442210,21953,0,1
,,,,,,
,,,,,,
,,,,,,
,,,,,,
,,,,,,
,,,,,,
,,,,,,
,,,,,,
,,,,,,
,,,,,,
,,,,,,
,,,,,,
,,,,,,
,,,,,,
,,,,,,
,,,,,,
,,,,,,
,,,,,,
,,,,,,
,,,,,,
,,,,,,
